Index,Data
1001,1001 - Secret message that needs to be encrypted
1002,1002 - Secret message that needs to be encrypted
1003,1003 - Secret message that needs to be encrypted
1004,1004 - Secret message that needs to be encrypted
1005,1005 - Secret message that needs to be encrypted
1006,1006 - Secret message that needs to be encrypted
1007,1007 - Secret message that needs to be encrypted
1008,1008 - Secret message that needs to be encrypted
1009,1009 - Secret message that needs to be encrypted
1010,1010 - Secret message that needs to be encrypted
1011,1011 - Secret message that needs to be encrypted
1012,1012 - Secret message that needs to be encrypted
1013,1013 - Secret message that needs to be encrypted
1014,1014 - Secret message that needs to be encrypted
1015,1015 - Secret message that needs to be encrypted
1016,1016 - Secret message that needs to be encrypted
1017,1017 - Secret message that needs to be encrypted
1018,1018 - Secret message that needs to be encrypted
1019,1019 - Secret message that needs to be encrypted
1020,1020 - Secret message that needs to be encrypted
1021,1021 - Secret message that needs to be encrypted
1022,1022 - Secret message that needs to be encrypted
1023,1023 - Secret message that needs to be encrypted
1024,1024 - Secret message that needs to be encrypted
1025,1025 - Secret message that needs to be encrypted
